{"cameraMode":{"drawMode":0,"name":"Shaded","section":"Shading Mode"},"sceneLighting":false,"audioPlay":false,"sceneViewState":{"m_AlwaysRefresh":false,"showFog":true,"showSkybox":false,"showFlares":true,"showImageEffects":true,"showParticleSystems":true,"showVisualEffectGraphs":true,"m_FxEnabled":true},"in2DMode":false,"pivot":{"x":-0.06444931030273438,"y":0.018804550170898439,"z":-0.047473907470703128},"rotation":{"x":-0.12594634294509889,"y":0.021423717960715295,"z":-0.0027218961622565986,"w":-0.9918185472488403},"size":18.641618728637697,"orthographic":false}