{"cameraMode":{"drawMode":0,"name":"Shaded","section":"Shading Mode"},"sceneLighting":false,"audioPlay":false,"sceneViewState":{"m_AlwaysRefresh":false,"showFog":true,"showSkybox":false,"showFlares":true,"showImageEffects":true,"showParticleSystems":true,"showVisualEffectGraphs":true,"m_FxEnabled":true},"in2DMode":false,"pivot":{"x":0.0024036169052124025,"y":-0.0015587210655212403,"z":0.13248789310455323},"rotation":{"x":-0.12534239888191224,"y":0.4125339388847351,"z":-0.05742558836936951,"w":-0.9004667401313782},"size":1.5558979511260987,"orthographic":false}