{"cameraMode":{"drawMode":0,"name":"Shaded","section":"Shading Mode"},"sceneLighting":false,"audioPlay":false,"sceneViewState":{"m_AlwaysRefresh":false,"showFog":true,"showSkybox":false,"showFlares":true,"showImageEffects":true,"showParticleSystems":true,"showVisualEffectGraphs":true,"m_FxEnabled":true},"in2DMode":false,"pivot":{"x":-0.002862215042114258,"y":0.005441069602966309,"z":0.003557741641998291},"rotation":{"x":-0.12594634294509889,"y":0.021423717960715295,"z":-0.0027218961622565986,"w":-0.9918185472488403},"size":1.0974551439285279,"orthographic":false}