{"cameraMode":{"drawMode":0,"name":"Shaded","section":"Shading Mode"},"sceneLighting":false,"audioPlay":false,"sceneViewState":{"m_AlwaysRefresh":false,"showFog":true,"showSkybox":false,"showFlares":true,"showImageEffects":true,"showParticleSystems":true,"showVisualEffectGraphs":true,"m_FxEnabled":true},"in2DMode":false,"pivot":{"x":-965.3200073242188,"y":-539.4199829101563,"z":-3.0899999141693117},"rotation":{"x":-0.08719982206821442,"y":0.0005948651814833283,"z":-0.00005343310840544291,"w":-0.9962072372436523},"size":0.8660253882408142,"orthographic":false}