{"cameraMode":{"drawMode":0,"name":"Shaded","section":"Shading Mode"},"sceneLighting":false,"audioPlay":false,"sceneViewState":{"m_AlwaysRefresh":false,"showFog":true,"showSkybox":false,"showFlares":true,"showImageEffects":true,"showParticleSystems":true,"showVisualEffectGraphs":true,"m_FxEnabled":true},"in2DMode":false,"pivot":{"x":-0.009729743003845215,"y":-1.2405204772949219,"z":0.1284772753715515},"rotation":{"x":-0.12594634294509889,"y":0.021423717960715295,"z":-0.0027218961622565986,"w":-0.9918185472488403},"size":1.3737788200378419,"orthographic":false}