{"cameraMode":{"drawMode":0,"name":"Shaded","section":"Shading Mode"},"sceneLighting":false,"audioPlay":false,"sceneViewState":{"m_AlwaysRefresh":false,"showFog":true,"showSkybox":false,"showFlares":true,"showImageEffects":true,"showParticleSystems":true,"showVisualEffectGraphs":true,"m_FxEnabled":true},"in2DMode":false,"pivot":{"x":-0.01328188180923462,"y":-0.012585043907165528,"z":0.0205308198928833},"rotation":{"x":-0.12594634294509889,"y":0.021423717960715295,"z":-0.0027218961622565986,"w":-0.9918185472488403},"size":1.6511728763580323,"orthographic":false}