{"cameraMode":{"drawMode":0,"name":"Shaded","section":"Shading Mode"},"sceneLighting":false,"audioPlay":false,"sceneViewState":{"m_AlwaysRefresh":false,"showFog":true,"showSkybox":false,"showFlares":true,"showImageEffects":true,"showParticleSystems":true,"showVisualEffectGraphs":true,"m_FxEnabled":true},"in2DMode":false,"pivot":{"x":0.001019805669784546,"y":0.0007003694772720337,"z":0.0013127624988555909},"rotation":{"x":-0.12534239888191224,"y":0.4125339388847351,"z":-0.05742558836936951,"w":-0.9004667401313782},"size":0.32465997338294985,"orthographic":false}