{"cameraMode":{"drawMode":0,"name":"Shaded","section":"Shading Mode"},"sceneLighting":false,"audioPlay":false,"sceneViewState":{"m_AlwaysRefresh":false,"showFog":true,"showSkybox":false,"showFlares":true,"showImageEffects":true,"showParticleSystems":true,"showVisualEffectGraphs":true,"m_FxEnabled":true},"in2DMode":false,"pivot":{"x":-965.3200073242188,"y":-539.4199829101563,"z":-3.0899999141693117},"rotation":{"x":-0.06775843352079392,"y":0.0005957939429208636,"z":-0.000041824227082543075,"w":-0.9977181553840637},"size":0.8660253882408142,"orthographic":false}